category,subcategory,product_name,asin,rating,review_count,star_breakdown,reviews_on_page,confusion_score,setup_difficulty,instruction_quality,elderly_gift_mentions,clearlabel_fit,top_pain_points,guide_topics,customers_say,product_url
Electronics,TVs,INSIGNIA 55-inch Class F50 Series LED 4K UHD Smart Fire TV with Alexa Voice Remote (NS-55F501NA26),B0F1BXQNR5,4.3 out of 5 stars,"7,929","4 star: 11%, 3 star: 4%, 2 star: 2%, 1 star: 11%",6,6,5,5,0,Yes,"Remote connectivity issues requiring multiple troubleshooting steps (unplug TV, modem, router) | Fire TV interface is laggy with slow app loading (up to 10 minutes) and freezing | Sound settings buried in menus requiring navigation to Settings > Display and Sounds > Sound Settings to adjust bass/treble","Quick-start remote pairing troubleshooting flowchart | Step-by-step audio settings adjustment with visual menu navigation | Fire TV performance tips (clearing cache, managing apps, WiFi optimization)","Customers say
Customers find the TV's picture quality stunning and appreciate its good value for money. The device is easy to set up, and one customer notes it works perfectly for streaming and everyday use. However, the sound quality receives mixed reviews, with some finding it decent while others ",https://www.amazon.com/dp/B0F1BXQNR5
Electronics,Projectors,"HAPPRUN Native 1080P Bluetooth Mini Projector, Full HD Portable Outdoor Movie Projector with Built-in Speaker, Compatibl",B0B28G5Y4R,4.4 out of 5 stars,"12,958","4 star: 15%, 3 star: 7%, 2 star: 3%, 1 star: 6%",9,5,3,4,0,Maybe,"Dual focus mechanisms require both adjustments to achieve proper focus | Manual is in English only, causing Bluetooth pairing confusion with mobile devices | Picture quality degrades with minor movement/vibration, requiring stable shelf placement",How to use both focus adjustments correctly for sharp image | Bluetooth pairing limitations and compatibility (speakers vs. phones) | Optimal placement and stabilization to prevent focus drift during use,"Customers say
Customers find the projector's picture quality crystal clear and consider it a great entry-level device that works well for the price. The device is easy to set up and reliable, with one customer noting it performs better than a $5,000 Samsung laser projector. The sound quality receive",https://www.amazon.com/dp/B0B28G5Y4R
Home,Washing Machines,"GE XWFE Refrigerator Water Filter, Genuine Replacement Filter, Certified to Reduce Lead, Sulfur, and 50+ Other Impuritie",B0882ZJ48W,4.5 out of 5 stars,"40,019","4 star: 9%, 3 star: 2%, 2 star: 1%, 1 star: 7%",9,4,2,3,0,Maybe,"Filter produces error messages despite being labeled ""genuine"" and looking identical to original | Users skip instructions and don't run required 2-gallon flush before first use, causing cloudy water | Compatibility issues across production batches (China vs. Mexico origin) cause non-functional filters",Step-by-step flush procedure (run 2+ gallons and discard before drinking) | How to identify genuine vs. counterfeit filters and check for chip compatibility | Troubleshooting error messages and knowing when to contact GE support,"Customers say
Customers find the water filter easy to install and appreciate that it fits their GE fridge well. The functionality and compatibility receive mixed reviews - while some say it works perfectly and is an exact replacement, others report it doesn't work and isn't recognized by their GE fr",https://www.amazon.com/dp/B0882ZJ48W
Home,Air Purifiers,"Bionaire Window Fan with Reversible Airflow Blades – 3-Speed Settings, Programmable Thermostat, LED Display, Remote Cont",B000065DKJ,4.3 out of 5 stars,"20,896","4 star: 13%, 3 star: 6%, 2 star: 3%, 1 star: 8%",8,4,3,2,0,Maybe,Thermostat only displays Fahrenheit with no Celsius conversion option | Remote control features and programmable settings lack clear explanation in reviews | Reversible airflow blade direction (intake vs. exhaust mode) unclear from standard instructions,How to set and understand the programmable thermostat (Fahrenheit scale and temperature auto-shutoff feature) | How to reverse airflow direction and when to use intake vs. exhaust mode | Remote control button functions and LED display indicators,"Customers say
Customers find the window fan performs well, moving lots of air quietly and effectively cooling rooms. They appreciate the remote control feature and its ability to blow air in or out, with one customer noting it works perfectly when it's cool outside. While some customers consider it ",https://www.amazon.com/dp/B000065DKJ
Kitchen,Microwave Ovens,"TOSHIBA EM131A5C-BS Countertop Microwave Ovens 1.2 Cu Ft, 12.4"" Removable Turntable Smart Humidity Sensor 12 Auto Menus ",B071WCB1T6,4.4 out of 5 stars,"32,156","4 star: 13%, 3 star: 5%, 2 star: 3%, 1 star: 7%",10,3,1,4,0,Maybe,Confusing placement of small power level and custom cook time buttons above door | Complex program features require manual consultation for non-basic operations | Door locking feature behavior not intuitive without reading instructions,Basic operation for everyday heating tasks | How to disable door-lock default feature | Overview of 12 auto menus and when to use them vs. manual settings,"Customers say
Customers praise the microwave's sleek stainless steel design, easy-to-understand control pad, and roomy interior that's great for small spaces. Moreover, they find it good value for money and simple to use for basic tasks. However, the heating performance receives mixed feedback - whi",https://www.amazon.com/dp/B071WCB1T6
Electronics,Printers (Inkjet),"Brother DCP-L2640DW Wireless Compact Monochrome Multi-Function Laser Printer with Copy and Scan, Duplex, Mobile, Black &",B0CPLFTPCV,4.3 out of 5 stars,"3,118","4 star: 11%, 3 star: 5%, 2 star: 3%, 1 star: 10%",8,3,2,4,1,Maybe,Wi-Fi setup requires pressing AND holding OK button (undocumented critical step) | Wi-Fi connectivity issues reported by some users despite easy setup for others | Scanner cannot handle two-sided document scanning,Wi-Fi connection setup with detailed control panel button sequence | Troubleshooting wireless connection drops or failures | Scanner limitations and workarounds for two-sided documents,"Customers say
Customers find the printer delivers great print quality, works flawlessly, and is easy to set up and operate. They appreciate its fast print speed and consider it good value for money, noting it helps save on paper costs. The wireless connectivity and scanning features receive mixed fe",https://www.amazon.com/dp/B0CPLFTPCV
Electronics,Digital Photo Frames,"Amazon Echo Show 5 (newest model), Smart display, Designed for Alexa+, 2x the bass and clearer sound, Charcoal",B09B2SBHQK,4.2 out of 5 stars,"66,409","4 star: 11%, 3 star: 5%, 2 star: 4%, 1 star: 10%",9,3,2,0,0,Maybe,"Device frequently crashes and stops responding to voice commands | Alexa ignores requests or gets stuck loading tasks | Limited clarity on feature limitations (e.g., no Netflix support)",Troubleshooting common non-response issues and recovery steps | Overview of what Alexa can and cannot do on Echo Show 5 | Basic voice command setup and optimization for reliable recognition,"Customers say
Customers praise the Echo Show 5's sound quality, noting its excellent audio and 2X bass. However, the device's reliability receives mixed feedback, with several customers reporting that it crashes frequently and doesn't respond properly.",https://www.amazon.com/dp/B09B2SBHQK
Home,Dehumidifiers,"DREO Space Heater, Portable Electric Heaters for Indoor Use with Thermostat and Remote, 2024 Upgraded, Digital Display, ",B0C6FCKQML,4.6 out of 5 stars,"19,683","4 star: 11%, 3 star: 4%, 2 star: 1%, 1 star: 3%",10,3,1,2,1,Maybe,"Remote control is black-on-black with no backlighting—impossible to see in low light or dark bedrooms | Temperature setting only available in ECO mode, requiring manual switching between modes to adjust heat output | Unclear feature behavior around automatic shutoff when reaching desired temperature versus continuous operation preferences",Remote control operation and backlighting workaround for low-light use | ECO mode vs. high mode operation and temperature setting limitations | Thermostat auto-shutoff feature explanation and manual override options,"Customers say
Customers find this space heater performs well, particularly in small spaces, and appreciate its quiet operation. The heater heats up rooms quickly and provides plenty of warmth, with one customer noting its temperature control features. They like its compact size, and the remote contr",https://www.amazon.com/dp/B0C6FCKQML
Electronics,Home Theater Receivers,"ULTIMEA Skywave X50 5.1.4ch Wireless Surround Sound System for TV, 760W Professional Sound Bar w/Dolby Atmos, 2 Wireless",B0FP5G4CYG,4.7 out of 5 stars,146,"4 star: 9%, 3 star: 2%, 2 star: 1%, 1 star: 3%",8,2,1,0,0,Maybe,"App signup/connection process requires multiple steps (download, open, sign up, auto-find) | EQ/sound tweaking not intuitive—users need guidance on bass levels and preset modes | HDMI eARC configuration and audio format settings unclear for some users",Step-by-step mobile app setup and account creation | Initial EQ tuning and bass level recommendations for different content types | HDMI eARC connection verification and Dolby Atmos format troubleshooting,"Customers say
Customers find this sound system delivers solid bass and crystal clear highs, with easy setup and no pairing needed for connectivity. Moreover, the system offers great value for money, with one customer noting it's an outstanding value for the clarity. Additionally, customers appreciat",https://www.amazon.com/dp/B0FP5G4CYG
Electronics,Routers & Mesh WiFi Systems,"TP-Link AX1800 WiFi 6 Router (Archer AX21) – Dual Band Wireless Internet, Gigabit, Easy Mesh, Works with Alexa - A Certi",B08H8ZLKKK,4.4 out of 5 stars,"23,944","4 star: 13%, 3 star: 4%, 2 star: 2%, 1 star: 7%",3,2,1,0,0,Maybe,Mixed connectivity/internet disconnection reports | Dual-band network splitting complexity (mentioned in context of previous router) | No evidence of instruction manual complaints,Troubleshooting intermittent disconnections | Dual-band network configuration and when to split 2.4G vs 5G | Using the mobile app for network monitoring and device management,"Customers say
Customers find the router reliable, easy to set up, and appreciate its quality and speed, with excellent range that reaches throughout their homes. They consider it a great value for money, particularly as a budget WiFi 6 router. The connectivity receives mixed feedback - while some re",https://www.amazon.com/dp/B08H8ZLKKK
Electronics,Monitors,"MNN Portable Monitor 15.6inch FHD 1080P USB C HDMI Gaming Ultra-Slim IPS Display w/Smart Cover & Speakers,HDR Plug&Play,",B0B9NNWXVP,4.3 out of 5 stars,"11,042","4 star: 12%, 3 star: 4%, 2 star: 3%, 1 star: 9%",10,2,1,1,1,No,Power management when using with phones (brightness limitation under 80% without external power) | Built-in speaker audio quality is poor and unreliable | Minimal evidence of actual usability problems—product is straightforward to use,Power optimization for mobile devices | Cable selection (USB-C vs HDMI) best practices | Brightness adjustment for battery-powered operation,"Customers say
Customers find this portable monitor to be a high-quality device that's perfect for travel, fitting easily in laptop bags. The monitor works well as a second screen, with crisp, vibrant visuals and easy setup and connection via USB-C or HDMI. Customers appreciate its lightweight design",https://www.amazon.com/dp/B0B9NNWXVP
Home,Carpet Cleaners,"BISSELL Little Green Mini Portable Carpet and Upholstery Deep Cleaner, Car/Auto Detailer, with HydroRinse Self-Cleaning ",B0DJMP6T3N,4.5 out of 5 stars,"6,921","4 star: 13%, 3 star: 5%, 2 star: 1%, 1 star: 4%",5,2,1,0,1,Maybe,Mixed suction performance expectations not clearly explained | Unclear optimal attachment/tool selection for different stain types | Cordless vs. corded model decision requires more guidance,"Step-by-step water fill/drain and HydroRinse self-cleaning cycle | Visual guide to attachment selection (which tool for carpets vs. upholstery vs. car interiors) | Suction optimization troubleshooting (filter maintenance, blockage checks)","Customers say
Customers find the carpet cleaner effective, easy to use, and appreciate its compact size that's perfect for quick use. The machine excels at spot cleaning pet messes and removing dirt and stains, while being well worth its price. They like its portability, with one customer noting it'",https://www.amazon.com/dp/B0DJMP6T3N
Home,Steam Cleaners & Mops,"BISSELL Little Green Mini Portable Carpet and Upholstery Deep Cleaner, Car/Auto Detailer, with HydroRinse Self-Cleaning ",B0DJMP6T3N,4.5 out of 5 stars,"6,921","4 star: 13%, 3 star: 5%, 2 star: 1%, 1 star: 4%",5,2,1,0,1,Maybe,Mixed suction performance across units | Uncertainty between corded vs cordless model selection | Lack of guidance on optimal attachment pairing for different stain types,Quick setup and water tank filling | Attachment selection guide for different surfaces/stain types | Basic operation and maintenance to maximize suction performance,"Customers say
Customers find the carpet cleaner effective, easy to use, and appreciate its compact size that's perfect for quick use. The machine excels at spot cleaning pet messes and removing dirt and stains, while being well worth its price. They like its portability, with one customer noting it'",https://www.amazon.com/dp/B0DJMP6T3N
Hobby & Creative,3D Printers,"SUNLU PLA 3D Printer Filament PLA Filament 1.75mm, Neatly Wound 3D Printing Filament 1.75mm, Dimensional Accuracy +/- 0.",B07XG3RM58,4.4 out of 5 stars,"21,380","4 star: 10%, 3 star: 4%, 2 star: 3%, 1 star: 8%",10,2,1,0,0,Maybe,Filament brittleness causing breaks during printing | Spooling binds/tangles when pulling from AMS feeders | Mixed adhesion and print quality results across different printer setups,"Optimal temperature and bed settings by printer model (220°C nozzle, 55°C bed baseline) | How to prevent filament brittleness and binding when loading/feeding | Moisture storage best practices and drying recommendations for PLA","Customers say
Customers find this PLA filament to be of good quality, working well with CR6-SE printers and offering excellent value for money. The print quality and adhesion receive mixed feedback - while some report clean prints and good bed adhesion, others experience horrible prints and poor adh",https://www.amazon.com/dp/B07XG3RM58
Hobby & Creative,Digital Pianos & Keyboards,"Mini Mic Pro (Latest Model) - Wireless Mini Microphone for iPhone, iPad, Android - 2 Pack Lavalier Microphone for Video ",B0CMJTSVRW,4.4 out of 5 stars,"6,282","4 star: 13%, 3 star: 6%, 2 star: 3%, 1 star: 7%",9,2,1,0,1,Maybe,Pop/buzz noise when toggling mute button on microphone | Android compatibility issues despite product claims | Battery life inconsistency and charging durability concerns,Mute button operation (recommend using device mute instead) | Device compatibility verification before purchase/setup | Proper charging and battery maintenance procedures,"Customers say
Customers find the microphone works well for recording and appreciate its ease of use, being plug-and-play with phones. Moreover, they consider it a fantastic value for professional-quality sound on the go. However, the sound quality receives mixed feedback, with some finding it clear ",https://www.amazon.com/dp/B0CMJTSVRW
Hobby & Creative,Audio Interfaces (Home Recording),Ernie Ball String Dampener - Guitar Tailpiece (P09638),B0FC89LWKW,4.5 out of 5 stars,160,"4 star: 16%, 3 star: 5%, 2 star: 2%, 1 star: 4%",9,2,1,0,0,Maybe,"Pick tightness inconsistent—users need workarounds to keep picks secured | Threading/installation has a learning curve despite being quick | Performance varies by string gauge and bass type, causing rattling on light strings",Proper placement options (behind nut vs. bridge vs. tuning pegs) and sizing selection by guitar scale/string gauge | Troubleshooting pick slip and string rattling with action adjustment | Best practices for different string types (roundwound vs. flatwound),"Customers say
Customers find the mute noodle works well, with one mentioning it's particularly effective behind a tune-o-matic bridge. Moreover, they appreciate its sound quality, with one describing it as tight and thumpy, and its noise cancellation capabilities, particularly for noisy strings. The",https://www.amazon.com/dp/B0FC89LWKW
Hobby & Creative,Mixers (Audio),Ernie Ball String Dampener - Guitar Tailpiece (P09638),B0FC89LWKW,4.5 out of 5 stars,160,"4 star: 16%, 3 star: 5%, 2 star: 2%, 1 star: 4%",9,2,1,0,0,Maybe,Pick tightness inconsistency - doesn't hold picks securely for all users | Threading/positioning takes trial-and-error to optimize for different guitar types | Rattling sound on light-gauge strings requires action adjustment to resolve,Proper positioning for different bridge types (tune-o-matic vs. standard) and string gauges | Troubleshooting rattling/buzzing on lighter strings and action adjustment tips | Pick insertion techniques and workarounds for secure grip,"Customers say
Customers find the mute noodle works well, with one mentioning it's particularly effective behind a tune-o-matic bridge. Moreover, they appreciate its sound quality, with one describing it as tight and thumpy, and its noise cancellation capabilities, particularly for noisy strings. The",https://www.amazon.com/dp/B0FC89LWKW
Outdoors & Auto,Weather Stations,"RooTrimmer 6 Inch Clear Humidity Dome, 30 Pcs Adjustable Plant Pot Domes Compatible with 6"" Nursery Pots, Reusable Trans",B0DT14J8Z9,4.4 out of 5 stars,630,"4 star: 13%, 3 star: 7%, 2 star: 3%, 1 star: 5%",8,2,4,0,0,Maybe,"Lids don't stay secured—they rest on top and easily fall off if bumped or from wind | Inconsistent fit between domes and pots (some report perfect fit, others too tight) | Lids arriving cracked or damaged during shipping with no guidance on replacements",How to properly seat and secure lids on pots to prevent accidental dislodging | Troubleshooting misfit issues between specific pot sizes and dome sizes | Care instructions for preventing lid damage and maximizing durability,"Customers say
Customers find these nursery pots excellent for seedlings and propagation, particularly for starting plants, with one customer noting they're perfect for growing shrubs and tomatoes. The pots receive positive feedback for their functionality, value for money, and size, with one mention",https://www.amazon.com/dp/B0DT14J8Z9
Kitchen,Air Fryers,FAILED TO FETCH,,,,,0,,,,,,,,,
Kitchen,Dishwashers (Portable/Countertop),FAILED TO FETCH,,,,,0,,,,,,,,,
Electronics,Sound Bars,FAILED TO FETCH,,,,,0,,,,,,,,,
Electronics,Bluetooth Speakers,FAILED TO FETCH,,,,,0,,,,,,,,,
Electronics,WiFi Range Extenders,FAILED TO FETCH,,,,,0,,,,,,,,,
Electronics,Printers (Laser),FAILED TO FETCH,,,,,0,,,,,,,,,
Electronics,Scanners (Flatbed & Document),FAILED TO FETCH,,,,,0,,,,,,,,,
Electronics,Walkie Talkies,FAILED TO FETCH,,,,,0,,,,,,,,,
Home,Robot Vacuums,FAILED TO FETCH,,,,,0,,,,,,,,,
Home,Dryers,FAILED TO FETCH,,,,,0,,,,,,,,,
Home,Humidifiers,FAILED TO FETCH,,,,,0,,,,,,,,,
Home,Portable Air Conditioners,FAILED TO FETCH,,,,,0,,,,,,,,,
Home,Pressure Washers,FAILED TO FETCH,,,,,0,,,,,,,,,
Hobby & Creative,Sewing Machines,"XSEINO 12 Rolls 8""x35"" 1.4mm Thick Soft Felt Fabric Sheet 12 Assorted Morandi Series Colors Felt Pack for DIY Craft Sewi",B0D6K9ZP35,4.7 out of 5 stars,"1,056","4 star: 9%, 3 star: 4%, 2 star: 1%, 1 star: 1%",9,0,0,0,0,No,Mixed feedback on thickness with some thin spots reported | Slight transparency issues requiring backing material | Uncertainty about quality level for selling finished products vs. personal use,"Not applicable - this is a raw craft material with no controls, setup, or operational features requiring instruction.","Customers say
Customers appreciate the felt fabric's vibrant colors that appear more vibrant in person than in pictures, and its soft yet sturdy texture that's easy to cut and sew. They find it suitable for various crafts, particularly making toys for children, and consider it good value for money. ",https://www.amazon.com/dp/B0D6K9ZP35
Hobby & Creative,Record Players / Turntables,FAILED TO FETCH,,,,,0,,,,,,,,,
Hobby & Creative,Guitar Amp Modelers & Multi-FX,Guyker 42mm Guitar Bone Nut - White Pre-Slotted Bone Nuts for 6 String ST Strat Style Electric Guitar Replacement Parts ,B0D9WM2LQR,4.6 out of 5 stars,268,"4 star: 13%, 3 star: 8%, 2 star: 2%, 1 star: 1%",9,0,3,0,0,Maybe,Slot spacing inconsistency with other pre-slotted nuts of same size | Requires filing/shaping and sometimes sanding for proper fit | May need height adjustment and graphite application for optimal performance,"Step-by-step installation and fitting process (filing, sanding, height adjustment) | Slot spacing verification and troubleshooting misaligned strings | Maintenance tips (graphite application for smooth operation)","Customers say
Customers find the guitar bone nut to be of good quality, with one noting it matches the advertised specifications perfectly. The product fits well, with one mentioning it requires minimal neck modification, and customers appreciate its real bone material and cool color. They find it e",https://www.amazon.com/dp/B0D9WM2LQR
Outdoors & Auto,Fish Finders,Predator Cue Chalk,B00DMVNFZG,4.7 out of 5 stars,"6,562","4 star: 12%, 3 star: 3%, 2 star: 1%, 1 star: 1%",8,0,0,0,0,No,Chalk gets dirty and messy on hands/table | Uneven application on first use with clean tip | Chalk dust transfers to clothing and surfaces,"N/A – This product does not have usability problems. It is cue chalk (a simple consumable), not a fish finder. No simplified instruction guide would add value.","Customers say
Customers find this cue chalk to be of excellent quality, with a smooth, creamy feel that stays on tips better than other brands and lasts for several shots. Moreover, they appreciate its performance, noting it prevents mis-cues and offers good value for money.",https://www.amazon.com/dp/B00DMVNFZG